id,data,inicio,fim,local,rito,tipo,titulo_pt,titulo_fr,titulo_en,restricao_pt,restricao_fr,restricao_en,nota_pt,nota_fr,nota_en
d26-1,2026-08-26,14:00,16:00,casa,geral,,Cerimônias Privativas Esoterismo,Cérémonies privées – Ésotérisme,Private Ceremonies – Esotericism,,,,,,
d26-2,2026-08-26,17:00,22:00,casa,athelstan,,Cerimônias Especiais Athelstan & Acon,Cérémonies spéciales Athelstan & Acon,Special Ceremonies Athelstan & Acon,,,,,,
d27-1,2026-08-27,09:00,,hotel,log,pickup,Buscar a delegação francesa no hotel,Prise en charge de la délégation française à l’hôtel,Pick up the French delegation at the hotel,,,,,,
d27-2,2026-08-27,10:00,11:00,mariz,geral,,Apresentação do que será feito nos próximos dias,Présentation du programme des prochains jours,Presentation of the coming days’ programme,,,,,,
d27-3,2026-08-27,11:00,12:00,mariz,osm,,Cerimônias de obrigação + Grau da Cátedra – OSM,Cérémonies d’obligation + Grade de la Chaire – OSM,Obligation Ceremonies + Chair Degree – OSM,,,,,,
d27-4,2026-08-27,12:00,13:30,,log,meal,Almoço · A definir,Déjeuner · À définir,Lunch · To be defined,,,,,,
d27-5,2026-08-27,13:30,14:00,mariz,osm,,Ensaio para Consagrações (OSM),Répétition des Consécrations (OSM),Rehearsal for Consecrations (OSM),,,,,,
d27-6,2026-08-27,14:00,16:00,mariz,osm,,Consagração de Conclaves (OSM),Consécration de Conclaves (OSM),Consecration of Conclaves (OSM),,,,,,
d27-7,2026-08-27,16:00,16:30,mariz,amd,,Cerimônias de obrigação + Grau da Cátedra – AMD,Cérémonies d’obligation + Grade de la Chaire – AMD,Obligation Ceremonies + Chair Degree – AMD,,,,,,
d27-8,2026-08-27,16:30,17:00,mariz,amd,,Ensaio para Consagrações (AMD),Répétition des Consécrations (AMD),Rehearsal for Consecrations (AMD),,,,,,
d27-9,2026-08-27,17:00,19:00,mariz,amd,,Consagração de Conselhos (AMD),Consécration de Conseils (AMD),Consecration of Councils (AMD),,,,,,
d27-10,2026-08-27,19:00,19:30,casa,rbe,,Cerimônias de obrigação: Red Branch of Eri – Order of St Patrick,Cérémonies d’obligation : Red Branch of Eri – Order of St Patrick,Obligation Ceremonies: Red Branch of Eri – Order of St Patrick,,,,,,
d27-11,2026-08-27,19:30,,hotel,log,hotel,Retorno ao hotel,Retour à l’hôtel,Return to the hotel,,,,,,
d28-1,2026-08-28,09:00,,hotel,log,pickup,Buscar a delegação francesa no hotel,Prise en charge de la délégation française à l’hôtel,Pick up the French delegation at the hotel,,,,,,
d28-2,2026-08-28,10:00,11:00,mariz,rcc,,Cerimônias de obrigação + Graus da Cátedra – RCC,Cérémonies d’obligation + Grades de la Chaire – RCC,Obligation Ceremonies + Chair Degrees – RCC,,,,,,
d28-3,2026-08-28,11:00,12:00,mariz,rcc,,Ensaio para Consagrações (RCC),Répétition des Consécrations (RCC),Rehearsal for Consecrations (RCC),,,,,,
d28-4,2026-08-28,12:00,13:30,,log,meal,Almoço · A definir,Déjeuner · À définir,Lunch · To be defined,,,,,,
d28-5,2026-08-28,13:30,15:30,mariz,rcc,,Consagração de Conclaves (RCC),Consécration de Conclaves (RCC),Consecration of Conclaves (RCC),,,,,,
d28-6,2026-08-28,15:30,16:00,mariz,rcc,,Ensaio para Constituição do Grande Conclave (RCC),Répétition de la Constitution du Grand Conclave (RCC),Rehearsal for the Constitution of the Grand Conclave (RCC),,,,,,
d28-7,2026-08-28,16:00,18:00,mariz,rcc,,Constituição do Grande Conclave do RCC para o Rio de Janeiro,Constitution du Grand Conclave du RCC pour Rio de Janeiro,Constitution of the Grand Conclave of the RCC for Rio de Janeiro,,,,,,
d28-8,2026-08-28,18:00,19:00,casa,log,transfer,Transferência para a sede do Rito Brasileiro e Café,Transfert vers le siège du Rite Brésilien et café,Transfer to the Brazilian Rite headquarters and coffee,,,,,,
d28-9,2026-08-28,19:15,20:45,casa,acon,,Reunião Provincial Anual da Acon – Província da América do Sul,Réunion provinciale annuelle de l’Acon – Province d’Amérique du Sud,Annual Provincial Meeting of Acon – Province of South America,Somente membros do Acon,Réservé aux membres de l’Acon,Members of Acon only,,,
d28-10,2026-08-28,21:00,22:00,casa,athelstan,,Reunião Provincial Anual de Athelstan – Província do Brasil,Réunion provinciale annuelle d’Athelstan – Province du Brésil,Annual Provincial Meeting of Athelstan – Province of Brazil,Somente membros de Athelstan,Réservé aux membres d’Athelstan,Members of Athelstan only,,,
d28-11,2026-08-28,22:00,,hotel,log,hotel,Retorno ao hotel,Retour à l’hôtel,Return to the hotel,,,,,,
d29-1,2026-08-29,09:30,,hotel,log,pickup,Buscar a delegação francesa no hotel,Prise en charge de la délégation française à l’hôtel,Pick up the French delegation at the hotel,,,,,,
d29-2,2026-08-29,10:30,12:30,mariz,osm,,Constituição do Grande Conclave do Secret Monitor para o Rio de Janeiro,Constitution du Grand Conclave du Secret Monitor pour Rio de Janeiro,Constitution of the Grand Conclave of the Secret Monitor for Rio de Janeiro,,,,,,
d29-3,2026-08-29,12:30,14:00,,log,meal,Almoço · A definir,Déjeuner · À définir,Lunch · To be defined,,,,,,
d29-4,2026-08-29,14:00,15:30,hotel,log,hotel,Retorno ao hotel – intervalo,Retour à l’hôtel – pause,Return to the hotel – break,,,,,,
d29-5,2026-08-29,15:30,,amorio,log,transfer,Transferência para a AMO Rio,Transfert vers l’AMO Rio,Transfer to AMO Rio,,,,,,
d29-6,2026-08-29,15:30,17:00,amorio,log,coffee,Intervalo para café,Pause café,Coffee break,,,,,,
d29-7,2026-08-29,17:00,20:00,amorio,rb33,,Cerimônia do 33º Grau do Rito Brasileiro e Cerimônia de Premiação (Irmãos Franceses),Cérémonie du 33e Degré du Rite Brésilien et cérémonie de distinctions (Frères français),33rd Degree Ceremony of the Brazilian Rite and Award Ceremony (French Brethren),"Somente para Servidores da Pátria, da Ordem e da Humanidade, grau 33 do Rito Brasileiro, e irmãos grau 33 de ritos coirmãos. Interessados no reconhecimento devem contatar o conclave: grandesecretaria@scrb33.org.br","Réservé aux Serviteurs de la Patrie, de l’Ordre et de l’Humanité, 33e degré du Rite Brésilien, et aux frères du 33e degré de rites frères. Pour la reconnaissance, veuillez contacter le conclave : grandesecretaria@scrb33.org.br","Restricted to Servants of the Homeland, of the Order and of Humanity, 33rd Degree of the Brazilian Rite, and 33rd-Degree brethren of sister rites. Those interested in recognition should contact the conclave: grandesecretaria@scrb33.org.br",,,
d29-8,2026-08-29,20:00,22:00,amorio,geral,social,Jantar de despedida,Dîner d’adieu,Farewell dinner,,,,Inscrições pelo e-mail grandesecretaria@scrb33.org.br,Inscriptions par e-mail : grandesecretaria@scrb33.org.br,Registration by e-mail: grandesecretaria@scrb33.org.br
d29-9,2026-08-29,22:00,,hotel,log,hotel,Retorno ao hotel,Retour à l’hôtel,Return to the hotel,,,,,,
d30-1,2026-08-30,09:30,,hotel,log,pickup,Buscar a delegação francesa no hotel,Prise en charge de la délégation française à l’hôtel,Pick up the French delegation at the hotel,,,,,,
d30-2,2026-08-30,10:30,12:30,mariz,amd,,Constituição do Grande Conselho de Allied Masonic Degrees para o Rio de Janeiro,Constitution du Grand Conseil des Allied Masonic Degrees pour Rio de Janeiro,Constitution of the Grand Council of the Allied Masonic Degrees for Rio de Janeiro,,,,,,
d30-3,2026-08-30,12:30,14:00,,log,meal,Almoço · A definir,Déjeuner · À définir,Lunch · To be defined,,,,,,
d30-4,2026-08-30,14:00,,hotel,log,hotel,Retorno ao hotel,Retour à l’hôtel,Return to the hotel,,,,,,
